--
-- Minimal Seed Data (exported via Supabase API)
--

-- Table: krai_core.manufacturers
-- Rows: 14

INSERT INTO krai_core.manufacturers (id, name, short_name, country, founded_year, website, support_email, support_phone, logo_url, is_competitor, market_share_percent, annual_revenue_usd, employee_count, headquarters_address, stock_symbol, primary_business_segment, created_at, updated_at) VALUES ('5953633d-5586-4903-aa5f-0277621fe2a5', 'UTAX', 'UTAX', 'Germany', 1961, 'https://www.utax.com', NULL, NULL, NULL, TRUE, NULL, NULL, NULL, 'Hamburg, Germany', NULL, 'Office equipment and document solutions', '2025-10-09T09:20:29.789858+00:00', '2025-10-09T14:11:53.962644+00:00') ON CONFLICT DO NOTHING;
INSERT INTO krai_core.manufacturers (id, name, short_name, country, founded_year, website, support_email, support_phone, logo_url, is_competitor, market_share_percent, annual_revenue_usd, employee_count, headquarters_address, stock_symbol, primary_business_segment, created_at, updated_at) VALUES ('9d81211e-eaea-4419-a18d-f70f51978c76', 'Fujifilm', 'Fujifilm', 'Japan', 1934, 'https://www.fujifilm.com', NULL, NULL, NULL, FALSE, NULL, NULL, NULL, 'Midtown West, 7-3, Akasaka 9-chome, Minato-ku, Tokyo 107-0052, Japan', '4901.T', 'Healthcare, Electronics, and Imaging', '2025-10-09T09:20:16.378181+00:00', '2025-10-09T09:28:44.123282+00:00') ON CONFLICT DO NOTHING;
INSERT INTO krai_core.manufacturers (id, name, short_name, country, founded_year, website, support_email, support_phone, logo_url, is_competitor, market_share_percent, annual_revenue_usd, employee_count, headquarters_address, stock_symbol, primary_business_segment, created_at, updated_at) VALUES ('7195033b-29d2-4917-8764-762e0cfd73af', 'Canon inc', 'Canon', 'Japan', 1937, 'https://www.canon.com', 'support@canon.com', '+81-3-3758-2111', 'https://www.canon.com/favicon.ico', FALSE, 15.3, 31000000000, 180000, '30-2 Shimomaruko 3-chome, Ohta-ku, Tokyo 146-8501, Japan', '7751.T', 'Imaging & Optical Products', '2025-10-09T14:10:47.695664+00:00', '2025-10-09T14:21:10.879176+00:00') ON CONFLICT DO NOTHING;
INSERT INTO krai_core.manufacturers (id, name, short_name, country, founded_year, website, support_email, support_phone, logo_url, is_competitor, market_share_percent, annual_revenue_usd, employee_count, headquarters_address, stock_symbol, primary_business_segment, created_at, updated_at) VALUES ('a62168e3-8b74-47b6-824c-5a1772e6b06f', 'Konica Minolta', 'KM', 'Japan', 1873, 'https://www.konicaminolta.com', NULL, '+495117404410', NULL, FALSE, NULL, NULL, NULL, 'Tokyo, Japan', '4902.T', 'Office equipment and document solutions', '2025-10-09T08:22:12.842787+00:00', '2025-10-09T09:30:31.719111+00:00') ON CONFLICT DO NOTHING;
INSERT INTO krai_core.manufacturers (id, name, short_name, country, founded_year, website, support_email, support_phone, logo_url, is_competitor, market_share_percent, annual_revenue_usd, employee_count, headquarters_address, stock_symbol, primary_business_segment, created_at, updated_at) VALUES ('28a8e546-e400-47ad-9622-96d841810c1c', 'HP Inc.', 'HP', 'United States', 1939, 'https://support.hp.com/de-de/printer', NULL, NULL, 'https://partner.hp.com/o/hpi-partner-portal-theme/images/hp_logo.svg', FALSE, NULL, NULL, NULL, 'Palo Alto, California, USA', 'HPQ', 'Personal computers and printers', '2025-10-10T07:24:27.61221+00:00', '2025-10-17T07:50:15.859138+00:00') ON CONFLICT DO NOTHING;
INSERT INTO krai_core.manufacturers (id, name, short_name, country, founded_year, website, support_email, support_phone, logo_url, is_competitor, market_share_percent, annual_revenue_usd, employee_count, headquarters_address, stock_symbol, primary_business_segment, created_at, updated_at) VALUES ('c232dde0-a5a1-4ef5-bd85-38a82d3598c7', 'Lexmark', 'Lexmark', 'USA', 1991, 'https://www.lexmark.com', NULL, NULL, NULL, FALSE, NULL, NULL, 9000, '740 W. New Circle Road, Lexington, KY 40550, USA', NULL, 'Laser printers and imaging products', '2025-10-09T09:19:45.062901+00:00', '2025-10-09T09:31:45.800375+00:00') ON CONFLICT DO NOTHING;
INSERT INTO krai_core.manufacturers (id, name, short_name, country, founded_year, website, support_email, support_phone, logo_url, is_competitor, market_share_percent, annual_revenue_usd, employee_count, headquarters_address, stock_symbol, primary_business_segment, created_at, updated_at) VALUES ('692ddb4e-0f49-4aab-af30-8689ac1ca168', 'Kyocera', 'Kyocera', 'Japan', 1959, 'https://www.kyoceradocumentsolutions.com', NULL, NULL, NULL, TRUE, NULL, 4300000000, 21776, '1-2-28 Tamatsukuri, Chuo-ku, Osaka 540-8585, Japan', NULL, 'Document management and printing solutions', '2025-10-09T09:20:41.718603+00:00', '2025-10-09T09:32:28.613266+00:00') ON CONFLICT DO NOTHING;
INSERT INTO krai_core.manufacturers (id, name, short_name, country, founded_year, website, support_email, support_phone, logo_url, is_competitor, market_share_percent, annual_revenue_usd, employee_count, headquarters_address, stock_symbol, primary_business_segment, created_at, updated_at) VALUES ('7ddf76c5-a666-4a65-b784-ebcffd0c767f', 'Xerox', 'Xerox', 'United States', 1906, 'https://www.xerox.com', 'support@xerox.com', '+1-800-275-9376', 'https://www.xerox.com/favicon.ico', TRUE, 12.1, 7000000000, 23000, '201 Merritt 7, Norwalk, CT 06851, USA', 'XRX', 'Document Management & Printing', '2025-10-09T14:10:47.695664+00:00', '2025-10-09T14:10:47.695664+00:00') ON CONFLICT DO NOTHING;
INSERT INTO krai_core.manufacturers (id, name, short_name, country, founded_year, website, support_email, support_phone, logo_url, is_competitor, market_share_percent, annual_revenue_usd, employee_count, headquarters_address, stock_symbol, primary_business_segment, created_at, updated_at) VALUES ('f80d6dfc-2624-4f95-b799-25c9c5f37f68', 'Ricoh', 'Ricoh', 'Japan', 1936, 'https://www.ricoh.com', 'support@ricoh.com', '+81-3-6278-2111', 'https://www.ricoh.com/favicon.ico', TRUE, 10.8, 18000000000, 78000, '3-6 Nakamagome 1-chome, Ohta-ku, Tokyo 143-8555, Japan', '7752.T', 'Office Imaging & Production Printing', '2025-10-09T14:10:47.695664+00:00', '2025-10-09T14:10:47.695664+00:00') ON CONFLICT DO NOTHING;
INSERT INTO krai_core.manufacturers (id, name, short_name, country, founded_year, website, support_email, support_phone, logo_url, is_competitor, market_share_percent, annual_revenue_usd, employee_count, headquarters_address, stock_symbol, primary_business_segment, created_at, updated_at) VALUES ('b9f3bec0-eaae-4834-a1fd-3e7094bd3457', 'Brother', 'Brother', 'Japan', 1908, 'https://www.brother.com', 'support@brother.com', '+81-52-824-2511', 'https://www.brother.com/favicon.ico', TRUE, 7.3, 6500000000, 40000, '15-1 Naeshiro-cho, Mizuho-ku, Nagoya 467-8561, Japan', '6448.T', 'Printers & Industrial Equipment', '2025-10-09T14:10:47.695664+00:00', '2025-10-09T14:10:47.695664+00:00') ON CONFLICT DO NOTHING;
INSERT INTO krai_core.manufacturers (id, name, short_name, country, founded_year, website, support_email, support_phone, logo_url, is_competitor, market_share_percent, annual_revenue_usd, employee_count, headquarters_address, stock_symbol, primary_business_segment, created_at, updated_at) VALUES ('6b4a0f7e-497c-4783-95a9-7d8e8e5d4d77', 'Epson', 'Epson', 'Japan', 1942, 'https://www.epson.com', 'support@epson.com', '+81-266-52-3131', 'https://www.epson.com/favicon.ico', TRUE, 11.5, 10000000000, 77000, '3-5 Owa 3-chome, Suwa-shi, Nagano 392-8502, Japan', '6724.T', 'Inkjet Printers & Projectors', '2025-10-09T14:10:47.695664+00:00', '2025-10-09T14:10:47.695664+00:00') ON CONFLICT DO NOTHING;
INSERT INTO krai_core.manufacturers (id, name, short_name, country, founded_year, website, support_email, support_phone, logo_url, is_competitor, market_share_percent, annual_revenue_usd, employee_count, headquarters_address, stock_symbol, primary_business_segment, created_at, updated_at) VALUES ('f6c01fc6-ed17-45fd-a488-e74b2bf3a2a6', 'OKI', 'OKI', 'Japan', 1881, 'https://www.oki.com', 'support@oki.com', '+81-3-3501-3111', 'https://www.oki.com/favicon.ico', TRUE, 2.8, 4200000000, 17000, '1-7-12 Toranomon, Minato-ku, Tokyo 105-8460, Japan', '6703.T', 'LED Printers & MFPs', '2025-10-09T14:10:47.695664+00:00', '2025-10-09T14:10:47.695664+00:00') ON CONFLICT DO NOTHING;
INSERT INTO krai_core.manufacturers (id, name, short_name, country, founded_year, website, support_email, support_phone, logo_url, is_competitor, market_share_percent, annual_revenue_usd, employee_count, headquarters_address, stock_symbol, primary_business_segment, created_at, updated_at) VALUES ('0f75769b-da83-4e72-a9fe-d2ebba825882', 'Sharp', 'Sharp', 'Japan', 1912, 'https://www.sharp.com', 'support@sharp.com', '+81-6-6621-1221', 'https://www.sharp.com/favicon.ico', TRUE, 5.4, 21000000000, 50000, '1 Takumi-cho, Sakai-ku, Sakai City, Osaka 590-8522, Japan', '6753.T', 'Electronics & Office Equipment', '2025-10-09T14:10:47.695664+00:00', '2025-10-09T14:10:47.695664+00:00') ON CONFLICT DO NOTHING;
INSERT INTO krai_core.manufacturers (id, name, short_name, country, founded_year, website, support_email, support_phone, logo_url, is_competitor, market_share_percent, annual_revenue_usd, employee_count, headquarters_address, stock_symbol, primary_business_segment, created_at, updated_at) VALUES ('d4081c41-fc5f-4da4-87cf-7dbce68f763d', 'Toshiba', 'Toshiba', 'Japan', 1950, 'https://www.toshibatec.com', 'support@toshibatec.com', '+81-3-6830-9100', 'https://www.toshibatec.com/favicon.ico', TRUE, 4.1, 4800000000, 19000, '1-1 Shibaura 1-chome, Minato-ku, Tokyo 105-8001, Japan', '6588.T', 'Retail & Office Solutions', '2025-10-09T14:10:47.695664+00:00', '2025-10-09T14:10:47.695664+00:00') ON CONFLICT DO NOTHING;

-- Table: krai_core.product_series
-- Rows: 9

INSERT INTO krai_core.product_series (id, manufacturer_id, series_name, series_code, launch_date, end_of_life_date, target_market, price_range, key_features, series_description, marketing_name, successor_series_id, created_at, updated_at, model_pattern) VALUES ('2ffe323c-b243-43ff-a59f-0c71513b1b11', 'a62168e3-8b74-47b6-824c-5a1772e6b06f', 'bizhub', NULL, NULL, NULL, NULL, NULL, '{}'::jsonb, 'Konica Minolta bizhub C9xx series color MFPs', NULL, NULL, '2025-10-22T12:51:01.31816+00:00', '2025-10-22T12:51:01.31816+00:00', 'C9xx') ON CONFLICT DO NOTHING;
INSERT INTO krai_core.product_series (id, manufacturer_id, series_name, series_code, launch_date, end_of_life_date, target_market, price_range, key_features, series_description, marketing_name, successor_series_id, created_at, updated_at, model_pattern) VALUES ('aee3399f-0e36-49f4-9d8f-e27fd658f3bf', 'a62168e3-8b74-47b6-824c-5a1772e6b06f', 'AccurioPress', NULL, NULL, NULL, NULL, NULL, '{}'::jsonb, NULL, NULL, NULL, '2025-10-22T15:19:41.78022+00:00', '2025-10-22T15:19:41.78022+00:00', NULL) ON CONFLICT DO NOTHING;
INSERT INTO krai_core.product_series (id, manufacturer_id, series_name, series_code, launch_date, end_of_life_date, target_market, price_range, key_features, series_description, marketing_name, successor_series_id, created_at, updated_at, model_pattern) VALUES ('1ba94b83-50f1-4269-916d-dc4c4fe93624', 'a62168e3-8b74-47b6-824c-5a1772e6b06f', 'bizhub C-Series', NULL, NULL, NULL, NULL, NULL, '{}'::jsonb, NULL, NULL, NULL, '2025-10-22T15:20:54.474441+00:00', '2025-10-22T15:20:54.474441+00:00', NULL) ON CONFLICT DO NOTHING;
INSERT INTO krai_core.product_series (id, manufacturer_id, series_name, series_code, launch_date, end_of_life_date, target_market, price_range, key_features, series_description, marketing_name, successor_series_id, created_at, updated_at, model_pattern) VALUES ('05f73c9e-9523-4a4a-b050-7b141ca15602', 'a62168e3-8b74-47b6-824c-5a1772e6b06f', 'AccurioPrint', NULL, NULL, NULL, NULL, NULL, '{}'::jsonb, 'Konica Minolta AccurioPrint production color printers', NULL, NULL, '2025-10-23T14:51:53.798268+00:00', '2025-10-23T14:51:53.798268+00:00', 'Cxxxx') ON CONFLICT DO NOTHING;
INSERT INTO krai_core.product_series (id, manufacturer_id, series_name, series_code, launch_date, end_of_life_date, target_market, price_range, key_features, series_description, marketing_name, successor_series_id, created_at, updated_at, model_pattern) VALUES ('06f0f672-026a-46b7-ad29-26c87dcb2138', 'c232dde0-a5a1-4ef5-bd85-38a82d3598c7', 'CX Series', NULL, NULL, NULL, NULL, NULL, '{}'::jsonb, 'Lexmark CX8xx series color MFPs', NULL, NULL, '2025-10-23T12:18:35.505139+00:00', '2025-10-23T12:18:35.505139+00:00', 'CX8xx') ON CONFLICT DO NOTHING;
INSERT INTO krai_core.product_series (id, manufacturer_id, series_name, series_code, launch_date, end_of_life_date, target_market, price_range, key_features, series_description, marketing_name, successor_series_id, created_at, updated_at, model_pattern) VALUES ('e6a037af-cce7-4c64-8da9-bb71a87307fd', '28a8e546-e400-47ad-9622-96d841810c1c', 'LaserJet Enterprise', NULL, NULL, NULL, NULL, NULL, '{}'::jsonb, 'HP LaserJet Enterprise E40000 series', NULL, NULL, '2025-10-23T19:07:17.94087+00:00', '2025-10-23T19:07:17.94087+00:00', 'E4xxxx') ON CONFLICT DO NOTHING;
INSERT INTO krai_core.product_series (id, manufacturer_id, series_name, series_code, launch_date, end_of_life_date, target_market, price_range, key_features, series_description, marketing_name, successor_series_id, created_at, updated_at, model_pattern) VALUES ('580f2e0a-e7cd-42ee-9c2a-8a38f8f82fbd', '28a8e546-e400-47ad-9622-96d841810c1c', 'LaserJet Pro', NULL, NULL, NULL, NULL, NULL, '{}'::jsonb, 'HP LaserJet Pro M4xx series', NULL, NULL, '2025-10-23T19:07:18.809141+00:00', '2025-10-23T19:07:18.809141+00:00', 'M4xx') ON CONFLICT DO NOTHING;
INSERT INTO krai_core.product_series (id, manufacturer_id, series_name, series_code, launch_date, end_of_life_date, target_market, price_range, key_features, series_description, marketing_name, successor_series_id, created_at, updated_at, model_pattern) VALUES ('6fbefc28-0fd3-4127-be7d-fe8e874aeaf5', 'a62168e3-8b74-47b6-824c-5a1772e6b06f', 'bizhub Press', NULL, NULL, NULL, NULL, NULL, '{}'::jsonb, 'Konica Minolta bizhub Press production color printers', NULL, NULL, '2025-10-23T14:52:04.06311+00:00', '2025-10-23T14:52:04.06311+00:00', 'Cxxxx') ON CONFLICT DO NOTHING;
INSERT INTO krai_core.product_series (id, manufacturer_id, series_name, series_code, launch_date, end_of_life_date, target_market, price_range, key_features, series_description, marketing_name, successor_series_id, created_at, updated_at, model_pattern) VALUES ('9c9cf040-9a74-485d-aa51-93b5914b46bd', '28a8e546-e400-47ad-9622-96d841810c1c', 'PageWide', NULL, NULL, NULL, NULL, NULL, '{}'::jsonb, 'HP PageWide inkjet printer', NULL, NULL, '2025-10-24T11:14:31.976189+00:00', '2025-10-24T11:14:31.976189+00:00', 'PageWide') ON CONFLICT DO NOTHING;

-- Table: krai_core.products
-- Rows: 50

INSERT INTO krai_core.products (id, manufacturer_id, series_id, model_number, product_type, created_at, updated_at, specifications, pricing, lifecycle, urls, metadata, oem_manufacturer, oem_relationship_type, oem_notes, product_code, article_code, manufacturer_name, series_name) VALUES ('3402f3a7-069c-49a6-b385-9d5622e4de28', 'a62168e3-8b74-47b6-824c-5a1772e6b06f', '05f73c9e-9523-4a4a-b050-7b141ca15602', 'C2070', 'laser_production_printer', '2025-10-23T14:49:35.069454+00:00', '2025-10-24T10:11:03.561272+00:00', '{}'::jsonb, '{}'::jsonb, '{}'::jsonb, '{}'::jsonb, '{}'::jsonb, NULL, NULL, NULL, NULL, NULL, 'Konica Minolta', 'AccurioPrint') ON CONFLICT DO NOTHING;
INSERT INTO krai_core.products (id, manufacturer_id, series_id, model_number, product_type, created_at, updated_at, specifications, pricing, lifecycle, urls, metadata, oem_manufacturer, oem_relationship_type, oem_notes, product_code, article_code, manufacturer_name, series_name) VALUES ('49700f2f-476c-43f8-9abe-d0c485b35511', 'a62168e3-8b74-47b6-824c-5a1772e6b06f', '05f73c9e-9523-4a4a-b050-7b141ca15602', 'C4065P', 'laser_production_printer', '2025-10-22T15:20:11.336207+00:00', '2025-10-24T10:10:57.024615+00:00', '{"depth": 903.0, "width": 800.0, "height": 1651.0, "weight": 320.9, "powerMax": "3840", "powerrem": "Type C", "powerreq": "230V~/16A/1Phase"}'::jsonb, '{}'::jsonb, '{}'::jsonb, '{}'::jsonb, '{}'::jsonb, NULL, NULL, NULL, NULL, 'ADA4021', 'Konica Minolta', 'AccurioPrint') ON CONFLICT DO NOTHING;
INSERT INTO krai_core.products (id, manufacturer_id, series_id, model_number, product_type, created_at, updated_at, specifications, pricing, lifecycle, urls, metadata, oem_manufacturer, oem_relationship_type, oem_notes, product_code, article_code, manufacturer_name, series_name) VALUES ('1bba7c00-6b71-4354-9591-f9d638b572bd', 'a62168e3-8b74-47b6-824c-5a1772e6b06f', '05f73c9e-9523-4a4a-b050-7b141ca15602', 'C14010S', 'laser_production_printer', '2025-10-22T15:19:57.792765+00:00', '2025-10-24T10:11:01.898739+00:00', '{"depth": 932.0, "width": 1151.0, "height": 1620.0, "weight": 560.0, "powerMax": "10232"}'::jsonb, '{}'::jsonb, '{}'::jsonb, '{}'::jsonb, '{}'::jsonb, NULL, NULL, NULL, NULL, 'AE9402A', 'Konica Minolta', 'AccurioPrint') ON CONFLICT DO NOTHING;
INSERT INTO krai_core.products (id, manufacturer_id, series_id, model_number, product_type, created_at, updated_at, specifications, pricing, lifecycle, urls, metadata, oem_manufacturer, oem_relationship_type, oem_notes, product_code, article_code, manufacturer_name, series_name) VALUES ('af0c3522-da46-4b5b-bd65-ce478a11b4ed', 'a62168e3-8b74-47b6-824c-5a1772e6b06f', '05f73c9e-9523-4a4a-b050-7b141ca15602', 'C14010', 'laser_production_printer', '2025-10-22T15:19:57.70026+00:00', '2025-10-24T10:11:01.641834+00:00', '{"depth": 932.0, "width": 1151.0, "height": 1620.0, "weight": 560.0, "powerMax": "10232"}'::jsonb, '{}'::jsonb, '{}'::jsonb, '{}'::jsonb, '{}'::jsonb, NULL, NULL, NULL, NULL, 'AETC02A', 'Konica Minolta', 'AccurioPrint') ON CONFLICT DO NOTHING;
INSERT INTO krai_core.products (id, manufacturer_id, series_id, model_number, product_type, created_at, updated_at, specifications, pricing, lifecycle, urls, metadata, oem_manufacturer, oem_relationship_type, oem_notes, product_code, article_code, manufacturer_name, series_name) VALUES ('81e16062-a6f7-4fc0-b1e1-e09fa1e8293e', 'a62168e3-8b74-47b6-824c-5a1772e6b06f', '05f73c9e-9523-4a4a-b050-7b141ca15602', 'C2070P', 'laser_production_printer', '2025-10-23T14:49:35.212633+00:00', '2025-10-24T10:11:03.726118+00:00', '{}'::jsonb, '{}'::jsonb, '{}'::jsonb, '{}'::jsonb, '{}'::jsonb, NULL, NULL, NULL, NULL, NULL, 'Konica Minolta', 'AccurioPrint') ON CONFLICT DO NOTHING;
INSERT INTO krai_core.products (id, manufacturer_id, series_id, model_number, product_type, created_at, updated_at, specifications, pricing, lifecycle, urls, metadata, oem_manufacturer, oem_relationship_type, oem_notes, product_code, article_code, manufacturer_name, series_name) VALUES ('24d93512-7ae6-429c-8da8-dc272e41c736', 'a62168e3-8b74-47b6-824c-5a1772e6b06f', '05f73c9e-9523-4a4a-b050-7b141ca15602', 'C2060', 'laser_production_printer', '2025-10-23T14:49:36.473982+00:00', '2025-10-24T10:11:05.784666+00:00', '{}'::jsonb, '{}'::jsonb, '{}'::jsonb, '{}'::jsonb, '{}'::jsonb, NULL, NULL, NULL, NULL, NULL, 'Konica Minolta', 'AccurioPrint') ON CONFLICT DO NOTHING;
INSERT INTO krai_core.products (id, manufacturer_id, series_id, model_number, product_type, created_at, updated_at, specifications, pricing, lifecycle, urls, metadata, oem_manufacturer, oem_relationship_type, oem_notes, product_code, article_code, manufacturer_name, series_name) VALUES ('55ede210-1383-45e2-9099-66f328a5db70', 'a62168e3-8b74-47b6-824c-5a1772e6b06f', '05f73c9e-9523-4a4a-b050-7b141ca15602', 'C2060L', 'laser_production_printer', '2025-10-23T14:49:37.169407+00:00', '2025-10-24T10:11:06.558061+00:00', '{}'::jsonb, '{}'::jsonb, '{}'::jsonb, '{}'::jsonb, '{}'::jsonb, NULL, NULL, NULL, NULL, NULL, 'Konica Minolta', 'AccurioPrint') ON CONFLICT DO NOTHING;
INSERT INTO krai_core.products (id, manufacturer_id, series_id, model_number, product_type, created_at, updated_at, specifications, pricing, lifecycle, urls, metadata, oem_manufacturer, oem_relationship_type, oem_notes, product_code, article_code, manufacturer_name, series_name) VALUES ('4cef50d1-3627-4b59-8447-bf315af1909c', 'a62168e3-8b74-47b6-824c-5a1772e6b06f', '05f73c9e-9523-4a4a-b050-7b141ca15602', 'C4065', 'laser_production_printer', '2025-10-22T15:20:11.241907+00:00', '2025-10-24T10:10:56.80975+00:00', '{"depth": 903.0, "width": 800.0, "height": 1651.0, "weight": 320.4, "powerMax": "3840", "powerrem": "Type C", "powerreq": "230V~/16A/1Phase"}'::jsonb, '{}'::jsonb, '{}'::jsonb, '{}'::jsonb, '{}'::jsonb, NULL, NULL, NULL, NULL, 'ACC2021', 'Konica Minolta', 'AccurioPrint') ON CONFLICT DO NOTHING;
INSERT INTO krai_core.products (id, manufacturer_id, series_id, model_number, product_type, created_at, updated_at, specifications, pricing, lifecycle, urls, metadata, oem_manufacturer, oem_relationship_type, oem_notes, product_code, article_code, manufacturer_name, series_name) VALUES ('d6754228-276e-40cf-bb29-7b90d4346434', 'c232dde0-a5a1-4ef5-bd85-38a82d3598c7', '06f0f672-026a-46b7-ad29-26c87dcb2138', 'CX961', 'laser_multifunction', '2025-10-23T12:09:21.172135+00:00', '2025-10-23T15:54:34.317593+00:00', '{}'::jsonb, '{}'::jsonb, '{}'::jsonb, '{}'::jsonb, '{}'::jsonb, 'Konica Minolta', 'engine', 'Konica Minolta bizhub engine (XC9225, XC9235, XC9245, XC9255, XC9265)', NULL, NULL, 'Lexmark', 'CX Series') ON CONFLICT DO NOTHING;
INSERT INTO krai_core.products (id, manufacturer_id, series_id, model_number, product_type, created_at, updated_at, specifications, pricing, lifecycle, urls, metadata, oem_manufacturer, oem_relationship_type, oem_notes, product_code, article_code, manufacturer_name, series_name) VALUES ('20506dcf-1ccd-401b-aa12-9ffc4e5de56a', 'c232dde0-a5a1-4ef5-bd85-38a82d3598c7', '06f0f672-026a-46b7-ad29-26c87dcb2138', 'CX833', 'laser_multifunction', '2025-10-23T12:09:20.925322+00:00', '2025-10-23T15:54:34.053331+00:00', '{}'::jsonb, '{}'::jsonb, '{}'::jsonb, '{}'::jsonb, '{}'::jsonb, 'Konica Minolta', 'engine', 'Konica Minolta bizhub engine', NULL, NULL, 'Lexmark', 'CX Series') ON CONFLICT DO NOTHING;
INSERT INTO krai_core.products (id, manufacturer_id, series_id, model_number, product_type, created_at, updated_at, specifications, pricing, lifecycle, urls, metadata, oem_manufacturer, oem_relationship_type, oem_notes, product_code, article_code, manufacturer_name, series_name) VALUES ('a0198efe-e713-4391-a89b-a983b4c90752', 'c232dde0-a5a1-4ef5-bd85-38a82d3598c7', '06f0f672-026a-46b7-ad29-26c87dcb2138', 'CX962', 'laser_multifunction', '2025-10-23T12:09:21.336718+00:00', '2025-10-23T15:54:34.560813+00:00', '{}'::jsonb, '{}'::jsonb, '{}'::jsonb, '{}'::jsonb, '{}'::jsonb, 'Konica Minolta', 'engine', 'Konica Minolta bizhub engine (XC9225, XC9235, XC9245, XC9255, XC9265)', NULL, NULL, 'Lexmark', 'CX Series') ON CONFLICT DO NOTHING;
INSERT INTO krai_core.products (id, manufacturer_id, series_id, model_number, product_type, created_at, updated_at, specifications, pricing, lifecycle, urls, metadata, oem_manufacturer, oem_relationship_type, oem_notes, product_code, article_code, manufacturer_name, series_name) VALUES ('6b407cad-d360-4e7f-8f38-75b3005f819f', 'c232dde0-a5a1-4ef5-bd85-38a82d3598c7', '06f0f672-026a-46b7-ad29-26c87dcb2138', 'CX833se', 'laser_multifunction', '2025-10-23T12:09:22.282061+00:00', '2025-10-23T15:54:35.376756+00:00', '{}'::jsonb, '{}'::jsonb, '{}'::jsonb, '{}'::jsonb, '{}'::jsonb, 'Konica Minolta', 'engine', 'Konica Minolta bizhub engine', NULL, NULL, 'Lexmark', 'CX Series') ON CONFLICT DO NOTHING;
INSERT INTO krai_core.products (id, manufacturer_id, series_id, model_number, product_type, created_at, updated_at, specifications, pricing, lifecycle, urls, metadata, oem_manufacturer, oem_relationship_type, oem_notes, product_code, article_code, manufacturer_name, series_name) VALUES ('5a4b99c1-70cd-4137-a32f-cefb1510e218', 'c232dde0-a5a1-4ef5-bd85-38a82d3598c7', '06f0f672-026a-46b7-ad29-26c87dcb2138', 'CX833xse', 'laser_multifunction', '2025-10-23T12:09:22.458033+00:00', '2025-10-23T15:54:35.540426+00:00', '{}'::jsonb, '{}'::jsonb, '{}'::jsonb, '{}'::jsonb, '{}'::jsonb, 'Konica Minolta', 'engine', 'Konica Minolta bizhub engine', NULL, NULL, 'Lexmark', 'CX Series') ON CONFLICT DO NOTHING;
INSERT INTO krai_core.products (id, manufacturer_id, series_id, model_number, product_type, created_at, updated_at, specifications, pricing, lifecycle, urls, metadata, oem_manufacturer, oem_relationship_type, oem_notes, product_code, article_code, manufacturer_name, series_name) VALUES ('ce0f190a-cc92-473d-8508-a488f41eba33', 'c232dde0-a5a1-4ef5-bd85-38a82d3598c7', '06f0f672-026a-46b7-ad29-26c87dcb2138', 'CX961se', 'laser_multifunction', '2025-10-23T12:09:22.594152+00:00', '2025-10-23T15:54:35.804912+00:00', '{}'::jsonb, '{}'::jsonb, '{}'::jsonb, '{}'::jsonb, '{}'::jsonb, 'Konica Minolta', 'engine', 'Konica Minolta bizhub engine (XC9225, XC9235, XC9245, XC9255, XC9265)', NULL, NULL, 'Lexmark', 'CX Series') ON CONFLICT DO NOTHING;
INSERT INTO krai_core.products (id, manufacturer_id, series_id, model_number, product_type, created_at, updated_at, specifications, pricing, lifecycle, urls, metadata, oem_manufacturer, oem_relationship_type, oem_notes, product_code, article_code, manufacturer_name, series_name) VALUES ('76e93b90-ad97-408a-bbd9-290b5f55b75b', 'c232dde0-a5a1-4ef5-bd85-38a82d3598c7', '06f0f672-026a-46b7-ad29-26c87dcb2138', 'CX962se', 'laser_multifunction', '2025-10-23T12:09:22.869182+00:00', '2025-10-23T15:54:36.308668+00:00', '{}'::jsonb, '{}'::jsonb, '{}'::jsonb, '{}'::jsonb, '{}'::jsonb, 'Konica Minolta', 'engine', 'Konica Minolta bizhub engine (XC9225, XC9235, XC9245, XC9255, XC9265)', NULL, NULL, 'Lexmark', 'CX Series') ON CONFLICT DO NOTHING;
INSERT INTO krai_core.products (id, manufacturer_id, series_id, model_number, product_type, created_at, updated_at, specifications, pricing, lifecycle, urls, metadata, oem_manufacturer, oem_relationship_type, oem_notes, product_code, article_code, manufacturer_name, series_name) VALUES ('d847441b-064c-48a8-a9dd-86dbddcef684', 'c232dde0-a5a1-4ef5-bd85-38a82d3598c7', '06f0f672-026a-46b7-ad29-26c87dcb2138', 'CX962tse', 'laser_multifunction', '2025-10-23T12:09:22.998993+00:00', '2025-10-23T15:54:36.562608+00:00', '{}'::jsonb, '{}'::jsonb, '{}'::jsonb, '{}'::jsonb, '{}'::jsonb, 'Konica Minolta', 'engine', 'Konica Minolta bizhub engine (XC9225, XC9235, XC9245, XC9255, XC9265)', NULL, NULL, 'Lexmark', 'CX Series') ON CONFLICT DO NOTHING;
INSERT INTO krai_core.products (id, manufacturer_id, series_id, model_number, product_type, created_at, updated_at, specifications, pricing, lifecycle, urls, metadata, oem_manufacturer, oem_relationship_type, oem_notes, product_code, article_code, manufacturer_name, series_name) VALUES ('ae990867-788a-476c-b6ba-ae7aa36435e3', 'c232dde0-a5a1-4ef5-bd85-38a82d3598c7', '06f0f672-026a-46b7-ad29-26c87dcb2138', 'CX963xse', 'laser_multifunction', '2025-10-23T12:09:23.266004+00:00', '2025-10-23T15:54:37.093271+00:00', '{}'::jsonb, '{}'::jsonb, '{}'::jsonb, '{}'::jsonb, '{}'::jsonb, 'Konica Minolta', 'engine', 'Konica Minolta bizhub engine (XC9225, XC9235, XC9245, XC9255, XC9265)', NULL, NULL, 'Lexmark', 'CX Series') ON CONFLICT DO NOTHING;
INSERT INTO krai_core.products (id, manufacturer_id, series_id, model_number, product_type, created_at, updated_at, specifications, pricing, lifecycle, urls, metadata, oem_manufacturer, oem_relationship_type, oem_notes, product_code, article_code, manufacturer_name, series_name) VALUES ('53a17a79-105a-4fa6-af3f-e08be516fa21', 'c232dde0-a5a1-4ef5-bd85-38a82d3598c7', '06f0f672-026a-46b7-ad29-26c87dcb2138', 'CX962g', 'laser_multifunction', '2025-10-23T12:09:23.619363+00:00', '2025-10-23T15:54:37.617295+00:00', '{}'::jsonb, '{}'::jsonb, '{}'::jsonb, '{}'::jsonb, '{}'::jsonb, 'Konica Minolta', 'engine', 'Konica Minolta bizhub engine (XC9225, XC9235, XC9245, XC9255, XC9265)', NULL, NULL, 'Lexmark', 'CX Series') ON CONFLICT DO NOTHING;
INSERT INTO krai_core.products (id, manufacturer_id, series_id, model_number, product_type, created_at, updated_at, specifications, pricing, lifecycle, urls, metadata, oem_manufacturer, oem_relationship_type, oem_notes, product_code, article_code, manufacturer_name, series_name) VALUES ('e5a2d41f-5c75-42e7-b3ca-18f40f93ab66', 'c232dde0-a5a1-4ef5-bd85-38a82d3598c7', '06f0f672-026a-46b7-ad29-26c87dcb2138', 'CX963g', 'laser_multifunction', '2025-10-23T12:09:23.801788+00:00', '2025-10-23T15:54:37.888538+00:00', '{}'::jsonb, '{}'::jsonb, '{}'::jsonb, '{}'::jsonb, '{}'::jsonb, 'Konica Minolta', 'engine', 'Konica Minolta bizhub engine (XC9225, XC9235, XC9245, XC9255, XC9265)', NULL, NULL, 'Lexmark', 'CX Series') ON CONFLICT DO NOTHING;
INSERT INTO krai_core.products (id, manufacturer_id, series_id, model_number, product_type, created_at, updated_at, specifications, pricing, lifecycle, urls, metadata, oem_manufacturer, oem_relationship_type, oem_notes, product_code, article_code, manufacturer_name, series_name) VALUES ('2df2589d-54cb-45fd-ba28-2e57794fd388', 'c232dde0-a5a1-4ef5-bd85-38a82d3598c7', '06f0f672-026a-46b7-ad29-26c87dcb2138', 'CX962tg', 'laser_multifunction', '2025-10-23T12:09:24.084614+00:00', '2025-10-23T15:54:38.384999+00:00', '{}'::jsonb, '{}'::jsonb, '{}'::jsonb, '{}'::jsonb, '{}'::jsonb, 'Konica Minolta', 'engine', 'Konica Minolta bizhub engine (XC9225, XC9235, XC9245, XC9255, XC9265)', NULL, NULL, 'Lexmark', 'CX Series') ON CONFLICT DO NOTHING;
INSERT INTO krai_core.products (id, manufacturer_id, series_id, model_number, product_type, created_at, updated_at, specifications, pricing, lifecycle, urls, metadata, oem_manufacturer, oem_relationship_type, oem_notes, product_code, article_code, manufacturer_name, series_name) VALUES ('0679d466-85d6-4eff-ab81-c68755ef64c9', 'c232dde0-a5a1-4ef5-bd85-38a82d3598c7', '06f0f672-026a-46b7-ad29-26c87dcb2138', 'CX963xg', 'laser_multifunction', '2025-10-23T12:09:24.243136+00:00', '2025-10-23T15:54:38.635074+00:00', '{}'::jsonb, '{}'::jsonb, '{}'::jsonb, '{}'::jsonb, '{}'::jsonb, 'Konica Minolta', 'engine', 'Konica Minolta bizhub engine (XC9225, XC9235, XC9245, XC9255, XC9265)', NULL, NULL, 'Lexmark', 'CX Series') ON CONFLICT DO NOTHING;
INSERT INTO krai_core.products (id, manufacturer_id, series_id, model_number, product_type, created_at, updated_at, specifications, pricing, lifecycle, urls, metadata, oem_manufacturer, oem_relationship_type, oem_notes, product_code, article_code, manufacturer_name, series_name) VALUES ('4a9b2cf3-4911-44a7-b30b-5ef974d8b470', 'c232dde0-a5a1-4ef5-bd85-38a82d3598c7', '06f0f672-026a-46b7-ad29-26c87dcb2138', 'CX833xg', 'laser_multifunction', '2025-10-23T12:09:24.539923+00:00', '2025-10-23T15:54:38.976298+00:00', '{}'::jsonb, '{}'::jsonb, '{}'::jsonb, '{}'::jsonb, '{}'::jsonb, 'Konica Minolta', 'engine', 'Konica Minolta bizhub engine', NULL, NULL, 'Lexmark', 'CX Series') ON CONFLICT DO NOTHING;
INSERT INTO krai_core.products (id, manufacturer_id, series_id, model_number, product_type, created_at, updated_at, specifications, pricing, lifecycle, urls, metadata, oem_manufacturer, oem_relationship_type, oem_notes, product_code, article_code, manufacturer_name, series_name) VALUES ('e8265dcb-c17f-4b76-ae2f-447277b749bc', 'c232dde0-a5a1-4ef5-bd85-38a82d3598c7', '06f0f672-026a-46b7-ad29-26c87dcb2138', 'CX963', 'laser_multifunction', '2025-10-23T12:09:21.502004+00:00', '2025-10-23T15:54:34.817035+00:00', '{}'::jsonb, '{}'::jsonb, '{}'::jsonb, '{}'::jsonb, '{}'::jsonb, 'Konica Minolta', 'engine', 'Konica Minolta bizhub engine (XC9225, XC9235, XC9245, XC9255, XC9265)', NULL, NULL, 'Lexmark', 'CX Series') ON CONFLICT DO NOTHING;
INSERT INTO krai_core.products (id, manufacturer_id, series_id, model_number, product_type, created_at, updated_at, specifications, pricing, lifecycle, urls, metadata, oem_manufacturer, oem_relationship_type, oem_notes, product_code, article_code, manufacturer_name, series_name) VALUES ('76ca6710-337b-4f40-9262-37ec4a1aaad8', 'c232dde0-a5a1-4ef5-bd85-38a82d3598c7', '06f0f672-026a-46b7-ad29-26c87dcb2138', 'CX961tse', 'laser_multifunction', '2025-10-23T12:09:22.728512+00:00', '2025-10-23T15:54:36.063821+00:00', '{}'::jsonb, '{}'::jsonb, '{}'::jsonb, '{}'::jsonb, '{}'::jsonb, 'Konica Minolta', 'engine', 'Konica Minolta bizhub engine (XC9225, XC9235, XC9245, XC9255, XC9265)', NULL, NULL, 'Lexmark', 'CX Series') ON CONFLICT DO NOTHING;
INSERT INTO krai_core.products (id, manufacturer_id, series_id, model_number, product_type, created_at, updated_at, specifications, pricing, lifecycle, urls, metadata, oem_manufacturer, oem_relationship_type, oem_notes, product_code, article_code, manufacturer_name, series_name) VALUES ('2c51f2a0-f82d-4280-a5b3-2026b02f23eb', 'c232dde0-a5a1-4ef5-bd85-38a82d3598c7', '06f0f672-026a-46b7-ad29-26c87dcb2138', 'CX963se', 'laser_multifunction', '2025-10-23T12:09:23.136006+00:00', '2025-10-23T15:54:36.833023+00:00', '{}'::jsonb, '{}'::jsonb, '{}'::jsonb, '{}'::jsonb, '{}'::jsonb, 'Konica Minolta', 'engine', 'Konica Minolta bizhub engine (XC9225, XC9235, XC9245, XC9255, XC9265)', NULL, NULL, 'Lexmark', 'CX Series') ON CONFLICT DO NOTHING;
INSERT INTO krai_core.products (id, manufacturer_id, series_id, model_number, product_type, created_at, updated_at, specifications, pricing, lifecycle, urls, metadata, oem_manufacturer, oem_relationship_type, oem_notes, product_code, article_code, manufacturer_name, series_name) VALUES ('370e68e5-0a19-4617-b596-cebeac8c03f7', 'c232dde0-a5a1-4ef5-bd85-38a82d3598c7', '06f0f672-026a-46b7-ad29-26c87dcb2138', 'CX961g', 'laser_multifunction', '2025-10-23T12:09:23.487543+00:00', '2025-10-23T15:54:37.35385+00:00', '{}'::jsonb, '{}'::jsonb, '{}'::jsonb, '{}'::jsonb, '{}'::jsonb, 'Konica Minolta', 'engine', 'Konica Minolta bizhub engine (XC9225, XC9235, XC9245, XC9255, XC9265)', NULL, NULL, 'Lexmark', 'CX Series') ON CONFLICT DO NOTHING;
INSERT INTO krai_core.products (id, manufacturer_id, series_id, model_number, product_type, created_at, updated_at, specifications, pricing, lifecycle, urls, metadata, oem_manufacturer, oem_relationship_type, oem_notes, product_code, article_code, manufacturer_name, series_name) VALUES ('b89592ee-7977-4fe2-bb6a-b1b765e8ca0a', 'c232dde0-a5a1-4ef5-bd85-38a82d3598c7', '06f0f672-026a-46b7-ad29-26c87dcb2138', 'CX961tg', 'laser_multifunction', '2025-10-23T12:09:23.944381+00:00', '2025-10-23T15:54:38.143327+00:00', '{}'::jsonb, '{}'::jsonb, '{}'::jsonb, '{}'::jsonb, '{}'::jsonb, 'Konica Minolta', 'engine', 'Konica Minolta bizhub engine (XC9225, XC9235, XC9245, XC9255, XC9265)', NULL, NULL, 'Lexmark', 'CX Series') ON CONFLICT DO NOTHING;
INSERT INTO krai_core.products (id, manufacturer_id, series_id, model_number, product_type, created_at, updated_at, specifications, pricing, lifecycle, urls, metadata, oem_manufacturer, oem_relationship_type, oem_notes, product_code, article_code, manufacturer_name, series_name) VALUES ('a8f97aa2-c89f-49df-a2a5-ca0d7f125943', 'c232dde0-a5a1-4ef5-bd85-38a82d3598c7', '06f0f672-026a-46b7-ad29-26c87dcb2138', 'CX833g', 'laser_multifunction', '2025-10-23T12:09:24.390025+00:00', '2025-10-23T15:54:38.803279+00:00', '{}'::jsonb, '{}'::jsonb, '{}'::jsonb, '{}'::jsonb, '{}'::jsonb, 'Konica Minolta', 'engine', 'Konica Minolta bizhub engine', NULL, NULL, 'Lexmark', 'CX Series') ON CONFLICT DO NOTHING;
INSERT INTO krai_core.products (id, manufacturer_id, series_id, model_number, product_type, created_at, updated_at, specifications, pricing, lifecycle, urls, metadata, oem_manufacturer, oem_relationship_type, oem_notes, product_code, article_code, manufacturer_name, series_name) VALUES ('ffb8047d-9ea0-4d1f-9eb0-d0d888db41f4', 'a62168e3-8b74-47b6-824c-5a1772e6b06f', '1ba94b83-50f1-4269-916d-dc4c4fe93624', 'C227i', 'laser_multifunction', '2025-10-22T15:20:54.563624+00:00', '2025-10-22T16:11:24.661123+00:00', '{"depth": 662.0, "width": 819.0, "height": 778.0, "weight": 72.0, "powerMax": "1580"}'::jsonb, '{}'::jsonb, '{}'::jsonb, '{}'::jsonb, '{}'::jsonb, NULL, NULL, NULL, NULL, 'ACM2021', 'Konica Minolta', 'bizhub C-Series') ON CONFLICT DO NOTHING;
INSERT INTO krai_core.products (id, manufacturer_id, series_id, model_number, product_type, created_at, updated_at, specifications, pricing, lifecycle, urls, metadata, oem_manufacturer, oem_relationship_type, oem_notes, product_code, article_code, manufacturer_name, series_name) VALUES ('8dfc6ae2-f235-4814-9e82-c90c527fe718', 'a62168e3-8b74-47b6-824c-5a1772e6b06f', '1ba94b83-50f1-4269-916d-dc4c4fe93624', 'C287i', 'laser_multifunction', '2025-10-22T15:20:54.727095+00:00', '2025-10-22T16:11:24.85121+00:00', '{"depth": 662.0, "width": 819.0, "height": 778.0, "weight": 72.0, "powerMax": "1580"}'::jsonb, '{}'::jsonb, '{}'::jsonb, '{}'::jsonb, '{}'::jsonb, NULL, NULL, NULL, NULL, 'ACM1021', 'Konica Minolta', 'bizhub C-Series') ON CONFLICT DO NOTHING;
INSERT INTO krai_core.products (id, manufacturer_id, series_id, model_number, product_type, created_at, updated_at, specifications, pricing, lifecycle, urls, metadata, oem_manufacturer, oem_relationship_type, oem_notes, product_code, article_code, manufacturer_name, series_name) VALUES ('e235131f-f233-4fc8-9269-fc1889b7d6d0', 'a62168e3-8b74-47b6-824c-5a1772e6b06f', '1ba94b83-50f1-4269-916d-dc4c4fe93624', 'C257i', 'laser_multifunction', '2025-10-22T15:20:54.646558+00:00', '2025-10-22T16:11:24.769315+00:00', '{"depth": 662.0, "width": 819.0, "height": 778.0, "weight": 72.0, "powerMax": "1580"}'::jsonb, '{}'::jsonb, '{}'::jsonb, '{}'::jsonb, '{}'::jsonb, NULL, NULL, NULL, NULL, 'ACVD021', 'Konica Minolta', 'bizhub C-Series') ON CONFLICT DO NOTHING;
INSERT INTO krai_core.products (id, manufacturer_id, series_id, model_number, product_type, created_at, updated_at, specifications, pricing, lifecycle, urls, metadata, oem_manufacturer, oem_relationship_type, oem_notes, product_code, article_code, manufacturer_name, series_name) VALUES ('e7e89e95-4d41-409b-83d7-2179f2503031', 'a62168e3-8b74-47b6-824c-5a1772e6b06f', '2ffe323c-b243-43ff-a59f-0c71513b1b11', 'C700', 'laser_multifunction', '2025-10-27T14:28:16.115149+00:00', '2025-10-28T13:38:01.358201+00:00', '{}'::jsonb, '{}'::jsonb, '{}'::jsonb, '{}'::jsonb, '{}'::jsonb, NULL, NULL, NULL, NULL, NULL, 'Konica Minolta', 'bizhub') ON CONFLICT DO NOTHING;
INSERT INTO krai_core.products (id, manufacturer_id, series_id, model_number, product_type, created_at, updated_at, specifications, pricing, lifecycle, urls, metadata, oem_manufacturer, oem_relationship_type, oem_notes, product_code, article_code, manufacturer_name, series_name) VALUES ('be3cb615-3a4f-49bb-a3fd-6c03df5d0af6', 'a62168e3-8b74-47b6-824c-5a1772e6b06f', '2ffe323c-b243-43ff-a59f-0c71513b1b11', 'C800', 'laser_multifunction', '2025-10-27T14:28:16.262953+00:00', '2025-10-28T13:38:01.648592+00:00', '{}'::jsonb, '{}'::jsonb, '{}'::jsonb, '{}'::jsonb, '{}'::jsonb, NULL, NULL, NULL, NULL, NULL, 'Konica Minolta', 'bizhub') ON CONFLICT DO NOTHING;
INSERT INTO krai_core.products (id, manufacturer_id, series_id, model_number, product_type, created_at, updated_at, specifications, pricing, lifecycle, urls, metadata, oem_manufacturer, oem_relationship_type, oem_notes, product_code, article_code, manufacturer_name, series_name) VALUES ('9828a473-3108-42d9-99f8-81b3a8510d19', 'a62168e3-8b74-47b6-824c-5a1772e6b06f', '2ffe323c-b243-43ff-a59f-0c71513b1b11', 'C900', 'laser_multifunction', '2025-10-27T14:28:16.402996+00:00', '2025-10-28T13:38:01.821888+00:00', '{}'::jsonb, '{}'::jsonb, '{}'::jsonb, '{}'::jsonb, '{}'::jsonb, NULL, NULL, NULL, NULL, NULL, 'Konica Minolta', 'bizhub') ON CONFLICT DO NOTHING;
INSERT INTO krai_core.products (id, manufacturer_id, series_id, model_number, product_type, created_at, updated_at, specifications, pricing, lifecycle, urls, metadata, oem_manufacturer, oem_relationship_type, oem_notes, product_code, article_code, manufacturer_name, series_name) VALUES ('7fd6949b-881d-4062-a248-31d98deff509', '28a8e546-e400-47ad-9622-96d841810c1c', '580f2e0a-e7cd-42ee-9c2a-8a38f8f82fbd', 'M527', 'laser_printer', '2025-10-23T19:34:21.553123+00:00', '2025-10-24T13:00:09.877597+00:00', '{}'::jsonb, '{}'::jsonb, '{}'::jsonb, '{}'::jsonb, '{}'::jsonb, NULL, NULL, NULL, NULL, NULL, 'HP Inc.', 'LaserJet Pro') ON CONFLICT DO NOTHING;
INSERT INTO krai_core.products (id, manufacturer_id, series_id, model_number, product_type, created_at, updated_at, specifications, pricing, lifecycle, urls, metadata, oem_manufacturer, oem_relationship_type, oem_notes, product_code, article_code, manufacturer_name, series_name) VALUES ('1cc4f6f2-4c4e-429d-99f8-2ae2891e4bbe', '28a8e546-e400-47ad-9622-96d841810c1c', '580f2e0a-e7cd-42ee-9c2a-8a38f8f82fbd', 'M806', 'laser_printer', '2025-10-24T02:52:19.344492+00:00', '2025-10-25T05:32:15.525847+00:00', '{}'::jsonb, '{}'::jsonb, '{}'::jsonb, '{}'::jsonb, '{}'::jsonb, NULL, NULL, NULL, NULL, NULL, 'HP Inc.', 'LaserJet Pro') ON CONFLICT DO NOTHING;
INSERT INTO krai_core.products (id, manufacturer_id, series_id, model_number, product_type, created_at, updated_at, specifications, pricing, lifecycle, urls, metadata, oem_manufacturer, oem_relationship_type, oem_notes, product_code, article_code, manufacturer_name, series_name) VALUES ('41cd5a51-9d5c-4adb-a658-f27f5ede53b6', '28a8e546-e400-47ad-9622-96d841810c1c', '580f2e0a-e7cd-42ee-9c2a-8a38f8f82fbd', 'M611x', 'laser_printer', '2025-10-24T07:40:45.691175+00:00', '2025-10-24T08:10:07.038827+00:00', '{}'::jsonb, '{}'::jsonb, '{}'::jsonb, '{}'::jsonb, '{}'::jsonb, NULL, NULL, NULL, NULL, NULL, 'HP Inc.', 'LaserJet Pro') ON CONFLICT DO NOTHING;
INSERT INTO krai_core.products (id, manufacturer_id, series_id, model_number, product_type, created_at, updated_at, specifications, pricing, lifecycle, urls, metadata, oem_manufacturer, oem_relationship_type, oem_notes, product_code, article_code, manufacturer_name, series_name) VALUES ('e49537d4-fc03-4959-ae14-0eb4cdbbb1af', '28a8e546-e400-47ad-9622-96d841810c1c', '580f2e0a-e7cd-42ee-9c2a-8a38f8f82fbd', 'M612x', 'laser_printer', '2025-10-24T07:40:45.815277+00:00', '2025-10-24T08:10:07.559344+00:00', '{}'::jsonb, '{}'::jsonb, '{}'::jsonb, '{}'::jsonb, '{}'::jsonb, NULL, NULL, NULL, NULL, NULL, 'HP Inc.', 'LaserJet Pro') ON CONFLICT DO NOTHING;
INSERT INTO krai_core.products (id, manufacturer_id, series_id, model_number, product_type, created_at, updated_at, specifications, pricing, lifecycle, urls, metadata, oem_manufacturer, oem_relationship_type, oem_notes, product_code, article_code, manufacturer_name, series_name) VALUES ('511e7a2f-2027-44a0-b643-ca641081f973', '28a8e546-e400-47ad-9622-96d841810c1c', '580f2e0a-e7cd-42ee-9c2a-8a38f8f82fbd', 'M610n', 'laser_printer', '2025-10-24T07:40:45.953621+00:00', '2025-10-24T07:41:47.051263+00:00', '{}'::jsonb, '{}'::jsonb, '{}'::jsonb, '{}'::jsonb, '{}'::jsonb, NULL, NULL, NULL, NULL, NULL, 'HP Inc.', 'LaserJet Pro') ON CONFLICT DO NOTHING;
INSERT INTO krai_core.products (id, manufacturer_id, series_id, model_number, product_type, created_at, updated_at, specifications, pricing, lifecycle, urls, metadata, oem_manufacturer, oem_relationship_type, oem_notes, product_code, article_code, manufacturer_name, series_name) VALUES ('e5f7c30b-c01e-46a8-badf-6d1d71084545', '28a8e546-e400-47ad-9622-96d841810c1c', '580f2e0a-e7cd-42ee-9c2a-8a38f8f82fbd', 'M506', 'laser_printer', '2025-10-23T19:34:20.456127+00:00', '2025-10-24T08:10:13.110512+00:00', '{}'::jsonb, '{}'::jsonb, '{}'::jsonb, '{}'::jsonb, '{}'::jsonb, NULL, NULL, NULL, NULL, NULL, 'HP Inc.', 'LaserJet Pro') ON CONFLICT DO NOTHING;
INSERT INTO krai_core.products (id, manufacturer_id, series_id, model_number, product_type, created_at, updated_at, specifications, pricing, lifecycle, urls, metadata, oem_manufacturer, oem_relationship_type, oem_notes, product_code, article_code, manufacturer_name, series_name) VALUES ('5436f099-94b8-4a93-bc72-baba3c97003d', '28a8e546-e400-47ad-9622-96d841810c1c', '580f2e0a-e7cd-42ee-9c2a-8a38f8f82fbd', 'M507', 'laser_printer', '2025-10-23T19:34:20.911814+00:00', '2025-10-24T08:10:13.380449+00:00', '{}'::jsonb, '{}'::jsonb, '{}'::jsonb, '{}'::jsonb, '{}'::jsonb, NULL, NULL, NULL, NULL, NULL, 'HP Inc.', 'LaserJet Pro') ON CONFLICT DO NOTHING;
INSERT INTO krai_core.products (id, manufacturer_id, series_id, model_number, product_type, created_at, updated_at, specifications, pricing, lifecycle, urls, metadata, oem_manufacturer, oem_relationship_type, oem_notes, product_code, article_code, manufacturer_name, series_name) VALUES ('e738ed09-e7d3-4daf-8599-0617a7c46ed3', '28a8e546-e400-47ad-9622-96d841810c1c', '580f2e0a-e7cd-42ee-9c2a-8a38f8f82fbd', 'M631', 'laser_printer', '2025-10-24T07:40:46.622054+00:00', '2025-10-24T08:09:55.348565+00:00', '{}'::jsonb, '{}'::jsonb, '{}'::jsonb, '{}'::jsonb, '{}'::jsonb, NULL, NULL, NULL, NULL, NULL, 'HP Inc.', 'LaserJet Pro') ON CONFLICT DO NOTHING;
INSERT INTO krai_core.products (id, manufacturer_id, series_id, model_number, product_type, created_at, updated_at, specifications, pricing, lifecycle, urls, metadata, oem_manufacturer, oem_relationship_type, oem_notes, product_code, article_code, manufacturer_name, series_name) VALUES ('cc624192-42bb-4fb5-9f8e-1dfa50f97391', '28a8e546-e400-47ad-9622-96d841810c1c', '580f2e0a-e7cd-42ee-9c2a-8a38f8f82fbd', 'M507x', 'laser_printer', '2025-10-23T21:35:57.488763+00:00', '2025-10-24T00:38:50.618016+00:00', '{}'::jsonb, '{}'::jsonb, '{}'::jsonb, '{}'::jsonb, '{}'::jsonb, NULL, NULL, NULL, NULL, NULL, 'HP Inc.', 'LaserJet Pro') ON CONFLICT DO NOTHING;
INSERT INTO krai_core.products (id, manufacturer_id, series_id, model_number, product_type, created_at, updated_at, specifications, pricing, lifecycle, urls, metadata, oem_manufacturer, oem_relationship_type, oem_notes, product_code, article_code, manufacturer_name, series_name) VALUES ('6360d775-b8fc-4870-95e9-6154ac5e2002', '28a8e546-e400-47ad-9622-96d841810c1c', '580f2e0a-e7cd-42ee-9c2a-8a38f8f82fbd', 'M506z', 'laser_printer', '2025-10-23T21:36:03.115227+00:00', '2025-10-24T00:38:58.378194+00:00', '{}'::jsonb, '{}'::jsonb, '{}'::jsonb, '{}'::jsonb, '{}'::jsonb, NULL, NULL, NULL, NULL, NULL, 'HP Inc.', 'LaserJet Pro') ON CONFLICT DO NOTHING;
INSERT INTO krai_core.products (id, manufacturer_id, series_id, model_number, product_type, created_at, updated_at, specifications, pricing, lifecycle, urls, metadata, oem_manufacturer, oem_relationship_type, oem_notes, product_code, article_code, manufacturer_name, series_name) VALUES ('caf6e302-3c20-450e-9708-8897d056e8b4', '28a8e546-e400-47ad-9622-96d841810c1c', '580f2e0a-e7cd-42ee-9c2a-8a38f8f82fbd', 'M632', 'laser_printer', '2025-10-24T07:40:46.741473+00:00', '2025-10-24T08:09:55.698245+00:00', '{}'::jsonb, '{}'::jsonb, '{}'::jsonb, '{}'::jsonb, '{}'::jsonb, NULL, NULL, NULL, NULL, NULL, 'HP Inc.', 'LaserJet Pro') ON CONFLICT DO NOTHING;
INSERT INTO krai_core.products (id, manufacturer_id, series_id, model_number, product_type, created_at, updated_at, specifications, pricing, lifecycle, urls, metadata, oem_manufacturer, oem_relationship_type, oem_notes, product_code, article_code, manufacturer_name, series_name) VALUES ('41ae9005-ee55-449e-97d9-818f1cf76d22', '28a8e546-e400-47ad-9622-96d841810c1c', '580f2e0a-e7cd-42ee-9c2a-8a38f8f82fbd', 'M633', 'laser_printer', '2025-10-24T07:40:46.860264+00:00', '2025-10-24T08:09:56.043842+00:00', '{}'::jsonb, '{}'::jsonb, '{}'::jsonb, '{}'::jsonb, '{}'::jsonb, NULL, NULL, NULL, NULL, NULL, 'HP Inc.', 'LaserJet Pro') ON CONFLICT DO NOTHING;
INSERT INTO krai_core.products (id, manufacturer_id, series_id, model_number, product_type, created_at, updated_at, specifications, pricing, lifecycle, urls, metadata, oem_manufacturer, oem_relationship_type, oem_notes, product_code, article_code, manufacturer_name, series_name) VALUES ('7f3dd656-f2b5-4ac3-a2c7-68843bb3f019', '28a8e546-e400-47ad-9622-96d841810c1c', '580f2e0a-e7cd-42ee-9c2a-8a38f8f82fbd', 'M634', 'laser_printer', '2025-10-24T07:40:47.005208+00:00', '2025-10-24T08:09:56.325136+00:00', '{}'::jsonb, '{}'::jsonb, '{}'::jsonb, '{}'::jsonb, '{}'::jsonb, NULL, NULL, NULL, NULL, NULL, 'HP Inc.', 'LaserJet Pro') ON CONFLICT DO NOTHING;
INSERT INTO krai_core.products (id, manufacturer_id, series_id, model_number, product_type, created_at, updated_at, specifications, pricing, lifecycle, urls, metadata, oem_manufacturer, oem_relationship_type, oem_notes, product_code, article_code, manufacturer_name, series_name) VALUES ('fc4b4169-9f41-49e8-8c47-a368e420814d', '28a8e546-e400-47ad-9622-96d841810c1c', '580f2e0a-e7cd-42ee-9c2a-8a38f8f82fbd', 'M553', 'laser_printer', '2025-10-24T02:52:16.071244+00:00', '2025-10-24T07:41:41.484047+00:00', '{}'::jsonb, '{}'::jsonb, '{}'::jsonb, '{}'::jsonb, '{}'::jsonb, NULL, NULL, NULL, NULL, NULL, 'HP Inc.', 'LaserJet Pro') ON CONFLICT DO NOTHING;
INSERT INTO krai_core.products (id, manufacturer_id, series_id, model_number, product_type, created_at, updated_at, specifications, pricing, lifecycle, urls, metadata, oem_manufacturer, oem_relationship_type, oem_notes, product_code, article_code, manufacturer_name, series_name) VALUES ('09557f8a-2a4a-475e-be40-c65a56609f3d', '28a8e546-e400-47ad-9622-96d841810c1c', '580f2e0a-e7cd-42ee-9c2a-8a38f8f82fbd', 'M554', 'laser_printer', '2025-10-24T02:52:16.194629+00:00', '2025-10-24T05:50:45.532831+00:00', '{}'::jsonb, '{}'::jsonb, '{}'::jsonb, '{}'::jsonb, '{}'::jsonb, NULL, NULL, NULL, NULL, NULL, 'HP Inc.', 'LaserJet Pro') ON CONFLICT DO NOTHING;
INSERT INTO krai_core.products (id, manufacturer_id, series_id, model_number, product_type, created_at, updated_at, specifications, pricing, lifecycle, urls, metadata, oem_manufacturer, oem_relationship_type, oem_notes, product_code, article_code, manufacturer_name, series_name) VALUES ('3c5d1b4e-ae76-4ad3-8808-c7e6f509e4ce', '28a8e546-e400-47ad-9622-96d841810c1c', '580f2e0a-e7cd-42ee-9c2a-8a38f8f82fbd', 'M555', 'laser_printer', '2025-10-24T02:52:16.319193+00:00', '2025-10-24T05:50:44.308062+00:00', '{}'::jsonb, '{}'::jsonb, '{}'::jsonb, '{}'::jsonb, '{}'::jsonb, NULL, NULL, NULL, NULL, NULL, 'HP Inc.', 'LaserJet Pro') ON CONFLICT DO NOTHING;

